Id,Predicted
0,739.0565
1,809.3934
2,316.89355
3,686.1518
4,402.15378
5,1668.1869
6,582.3331
7,1366.3234
8,-3.145217
9,168.55669
10,356.49823
11,912.3913
12,68.75033
13,2130.8313
14,1065.1521
15,1715.0594
16,2.0360358
17,290.23132
18,854.7586
19,424.3962
20,1843.57
21,1045.2798
22,949.38306
23,1159.7239
24,175.11348
25,1003.7387
26,1313.2576
27,1823.5992
28,312.63895
29,500.40765
30,642.1992
31,1653.9849
32,355.73465
33,67.98748
34,98.997826
35,36.30657
36,1033.4183
37,1199.2994
38,1109.2874
39,94.76451
40,121.029015
41,1006.07495
42,2286.0652
43,883.7678
44,1582.3259
45,147.02939
46,723.1197
47,1563.1166
48,1875.402
49,903.29596
50,1355.0226
51,478.97446
52,940.93054
53,233.30492
54,2091.816
55,1381.5527
56,1606.0608
57,161.77457
58,67.25657
59,1817.9404
60,148.48793
61,1967.2587
62,1604.3108
63,122.3679
64,299.07428
65,760.3922
66,965.59607
67,1475.5643
68,112.04278
69,275.07278
70,218.32553
71,890.0972
72,156.94562
73,77.522194
74,-76.73449
75,1697.8265
76,2210.0376
77,1279.5892
78,314.50668
79,408.43503
80,1597.1394
81,930.74646
82,2185.955
83,234.66017
84,1243.0234
85,680.0974
86,222.86862
87,53.566135
88,726.5377
89,1110.4191
90,223.31677
91,196.49352
92,912.8631
93,929.3744
94,703.3106
95,933.7246
96,2367.4805
97,671.732
98,886.7193
99,79.85471
100,280.77335
101,78.86332
102,1608.2599
103,836.6587
104,309.77048
105,65.98571
106,198.35313
107,243.09259
108,115.41324
109,530.887
110,1511.2246
111,18.150501
112,231.0718
113,205.29099
114,136.84131
115,11.951648
116,401.9501
117,1783.6428
118,605.49316
119,394.5614
120,1131.0986
121,363.58496
122,222.11658
123,211.72992
124,242.43588
125,1240.2871
126,556.8288
127,312.68927
128,2031.5526
129,1234.1765
130,198.00404
131,952.19183
132,683.4937
133,1004.7196
134,1687.3206
135,88.21023
136,777.8226
137,1499.8265
138,209.63338
139,240.58229
140,1831.872
141,1019.99097
142,1880.4541
143,-9.123578
144,239.38727
145,13.75726
146,1917.9878
147,765.1045
148,314.79916
149,618.1125
150,958.47656
151,358.99365
152,653.6253
153,357.72943
154,1718.4093
155,1674.916
156,1212.4105
157,497.36383
158,150.21588
159,12.028108
160,757.7919
161,429.76675
162,152.99925
163,927.2239
164,677.0697
165,183.01404
166,510.04654
167,866.58496
168,1894.573
169,2053.5342
170,113.65091
171,1154.9707
172,176.66583
173,597.231
174,87.94906
175,326.17865
176,889.5671
177,945.35284
178,525.57153
179,401.5076
180,257.6398
181,457.75256
182,1083.3262
183,209.54514
184,616.27466
185,1596.3043
186,182.44173
187,1471.5194
188,818.839
189,167.42308
190,421.33447
191,950.2835
192,1365.976
193,398.68546
194,566.81805
195,263.3129
196,893.2194
197,638.9229
198,134.61897
199,1056.0323
200,60.883366
201,-36.92237
202,131.54031
203,210.97647
204,2497.8428
205,211.38667
206,1292.0306
207,799.6827
208,-14.67927
209,284.78867
210,609.49994
211,1544.3663
212,176.25522
213,861.3208
214,-4.5587983
215,27.887085
216,540.7611
217,874.8412
218,869.82715
219,216.05762
220,686.00995
221,140.69519
222,2173.2812
223,943.94806
224,1192.466
225,1133.2438
226,305.08633
227,1344.6372
228,897.1436
229,1338.0437
230,559.84827
231,1249.2678
232,772.5728
233,183.22096
234,431.81094
235,221.72157
236,386.01276
237,885.3955
238,1793.7272
239,319.02097
240,388.668
241,23.460964
242,853.7292
243,971.9007
244,808.457
245,223.58888
246,264.0497
247,152.99467
248,208.1456
249,198.44084
250,35.85231
251,2498.1104
252,1960.7906
253,647.3006
254,960.8744
255,809.96234
256,571.4005
257,1280.9253
258,560.6941
259,687.1886
260,673.14087
261,1501.151
262,1084.3942
263,707.9569
264,1593.6787
265,98.90656
266,639.3505
267,427.68634
268,839.83276
269,101.39971
270,1501.6837
271,200.3422
272,231.93503
273,157.31642
274,1541.0865
275,245.91138
276,921.1985
277,162.7041
278,8.323418
279,225.12822
280,172.77025
281,288.07712
282,781.0014
283,1480.0225
284,786.7846
285,628.4496
286,1305.6708
287,538.8506
288,32.193493
289,1479.3735
290,324.4548
291,307.3583
292,488.45892
293,96.06603
294,1075.3696
295,276.56296
296,1797.3357
297,553.44904
298,1137.9514
299,65.22343
300,786.8352
301,1680.0286
302,278.77393
303,176.65814
304,374.42676
305,34.351833
306,2110.4424
307,508.3477
308,361.05673
309,754.80035
310,2490.1904
311,186.50449
312,217.59106
313,1043.7172
314,197.14622
315,4.3979816
316,605.51385
317,1007.318
318,1311.0612
319,2352.2234
320,1634.7544
321,46.6381
322,349.7798
323,1144.5653
324,882.3413
325,189.25368
326,287.5347
327,1106.0387
328,376.82343
329,874.40265
330,365.09503
331,781.6506
332,1429.0308
333,190.23346
334,640.35315
335,980.15625
336,270.12872
337,1219.8684
338,190.65431
339,30.526974
340,463.08304
341,1542.5342
342,351.7095
343,168.10445
344,1904.677
345,1449.5961
346,1025.3539
347,882.2435
348,1818.4338
349,267.70453
350,945.20856
351,301.65018
352,605.30646
353,1770.4128
354,2411.6519
355,519.57196
356,2142.124
357,221.77551
358,173.43434
359,892.5117
360,1562.4851
361,128.05655
362,88.67834
363,30.070156
364,306.5707
365,635.78687
366,33.85893
367,195.76315
368,961.5801
369,144.03474
370,592.1789
371,215.54402
372,438.1255
373,830.1424
374,45.366863
375,801.6414
376,1032.9241
377,1944.1675
378,775.8129
379,998.9198
380,310.42026
381,163.40187
382,135.4701
383,1494.7123
384,1824.2192
385,145.52814
386,226.77881
387,267.1205
388,1808.2588
389,862.93445
390,1065.0374
391,411.41174
392,487.67642
393,310.2502
394,906.4905
395,1091.2461
396,160.97551
397,200.52396
398,168.56633
399,1015.3442
400,1289.3774
401,158.73296
402,598.6679
403,1250.2445
404,632.78253
405,211.6884
406,281.10376
407,1404.9225
408,343.8882
409,406.21548
410,1361.5394
411,725.6874
412,2074.5132
413,1447.4279
414,82.89976
415,684.99146
416,300.13693
417,1412.1416
418,109.45822
419,436.2462
420,870.22595
421,729.83636
422,1332.333
423,2450.5295
424,891.90607
425,81.32205
426,1185.636
427,215.07628
428,424.50827
429,2204.405
430,1200.4846
431,246.2578
432,809.373
433,2056.2441
434,315.83148
435,239.57066
436,484.8589
437,42.64896
438,1314.3494
439,149.67746
440,1692.7069
441,633.00854
442,1888.3926
443,319.6024
444,308.3389
445,36.256104
446,407.85077
447,609.71515
448,333.68448
449,253.91766
450,776.18207
451,516.58075
452,354.43686
453,206.55444
454,805.3372
455,145.86063
456,441.49493
457,74.94781
458,1629.2404
459,896.027
460,-8.796441
461,783.0568
462,1868.857
463,1054.5154
464,19.959965
465,1239.998
466,385.97702
467,120.07073
468,520.32837
469,1782.5845
470,68.580826
471,148.51466
472,1056.5757
473,161.64651
474,158.47331
475,161.57507
476,415.65707
477,743.7903
478,346.33768
479,264.68332
480,2526.3337
481,1236.922
482,170.86269
483,2659.467
484,1716.2184
485,1287.3162
486,569.4807
487,297.55136
488,194.005
489,379.6639
490,400.432
491,630.5262
492,278.09262
493,256.95486
494,336.18823
495,1945.639
496,1185.7292
497,269.14832
498,750.45734
499,448.18683
500,189.70435
501,224.79095
502,201.48761
503,1783.5751
504,643.5672
505,169.58377
506,320.97037
507,-29.885048
508,121.52101
509,190.67041
510,918.7913
511,1872.6254
512,175.67229
513,540.60706
514,302.3558
515,590.23047
516,271.27277
517,130.61449
518,1150.7722
519,737.8508
520,233.48909
521,1561.5905
522,775.41064
523,944.6785
524,119.99179
525,1633.782
526,138.19472
527,553.0004
528,538.9377
529,-85.17926
530,167.54466
531,1167.8689
532,86.66763
533,236.5446
534,1232.5852
535,892.4648
536,2070.8706
537,343.9481
538,303.06818
539,853.23956
540,201.00862
541,112.61948
542,1253.706
543,657.2661
544,163.2787
545,672.47687
546,784.19617
547,948.83057
548,326.31924
549,785.5623
550,1085.0669
551,87.02712
552,116.54811
553,99.01361
554,189.45482
555,1293.5206
556,1193.9266
557,642.30536
558,391.96658
559,60.415695
560,346.99585
561,212.65723
562,628.9153
563,886.53784
564,547.72845
565,1748.7268
566,1602.1045
567,481.04718
568,207.95605
569,340.95807
570,912.3425
571,1059.5085
572,228.78534
573,500.0026
574,1222.1327
575,1530.4647
576,1040.1755
577,235.12419
578,333.9965
579,506.52225
580,233.44916
581,714.2801
582,149.36046
583,152.0929
584,1426.5311
585,16.857439
586,629.58154
587,541.3561
588,746.52313
589,240.23027
590,1123.8105
591,1120.7452
592,1059.6869
593,270.23383
594,2594.6448
595,1465.4149
596,1024.0259
597,1357.5793
598,1370.526
599,1441.3208
600,942.7979
601,461.37994
602,343.53192
603,728.9526
604,69.49066
605,1629.7594
606,449.34998
607,1573.348
608,161.07602
609,263.59818
610,286.62833
611,137.53577
612,191.2736
613,-19.511309
614,637.89465
615,165.80914
616,313.3514
617,287.75266
618,2233.9336
619,1188.871
620,824.46844
621,779.83093
622,556.036
623,1857.9135
624,284.08142
625,631.9083
626,698.4307
627,-16.090958
628,691.9443
629,317.74747
630,1856.325
631,307.28308
632,1127.9894
633,629.3514
634,953.92786
635,714.5102
636,317.31598
637,1827.862
638,822.9154
639,775.6783
640,742.08124
641,1378.5706
642,1336.5186
643,295.93378
644,209.9887
645,28.577282
646,2189.031
647,1088.0546
648,1052.5177
649,1064.3484
650,381.48297
651,1344.4397
652,1923.935
653,1763.3418
654,850.2196
655,271.48767
656,73.30875
657,604.09436
658,569.5563
659,1351.0269
660,348.60916
661,318.5766
662,1750.243
663,700.699
664,535.81433
665,2097.5737
666,843.53076
667,194.09203
668,251.59845
669,270.4863
670,972.5267
671,347.61954
672,892.2284
673,136.1985
674,249.92743
675,1964.3324
676,305.25
677,1624.1527
678,131.15324
679,920.8385
680,918.26556
681,174.65773
682,1264.1608
683,1400.3619
684,894.45355
685,122.51718
686,113.82811
687,641.51215
688,1139.4464
689,1182.4353
690,395.73886
691,1030.196
692,74.79742
693,1374.1299
694,1952.9628
695,1225.7837
696,1014.97943
697,604.6351
698,589.11084
699,2539.4026
700,993.5256
701,1188.4576
702,1167.0886
703,355.02393
704,239.88548
705,1435.4841
706,1920.5476
707,-69.08684
708,710.2293
709,681.55096
710,123.70298
711,2179.5444
712,1656.5317
713,268.72095
714,747.49524
715,497.4804
716,1242.1984
717,747.4364
718,1198.6404
719,1098.5161
720,278.24106
721,130.00381
722,384.8538
723,759.70514
724,747.8632
725,344.00778
726,687.9791
727,192.22693
728,260.725
729,83.31529
730,114.298775
731,291.1404
732,485.75357
733,335.3797
734,330.27194
735,728.961
736,557.4534
737,524.1429
738,112.87043
739,1042.8959
740,875.5883
741,496.518
742,474.66934
743,1197.7584
744,553.8813
745,213.75165
746,90.90744
747,1169.4673
748,675.9408
749,1407.6328
750,146.2821
751,33.090683
752,1078.9783
753,-26.421202
754,1706.4862
755,673.39136
756,1065.3822
757,284.9981
758,69.4381
759,1579.0355
760,1395.1259
761,335.92197
762,400.12607
763,153.40088
764,177.06577
765,232.87317
766,-38.311073
767,1482.5619
768,625.22217
769,379.8153
770,359.93634
771,69.66552
772,139.80215
773,964.4112
774,83.3722
775,1081.6399
776,754.01105
777,334.84988
778,1686.9487
779,704.15106
780,329.55807
781,33.529575
782,1101.345
783,818.73346
784,690.6738
785,100.10709
786,210.07715
787,1030.8872
788,249.90399
789,213.90239
790,803.7103
791,514.7532
792,192.08722
793,1153.6748
794,121.13367
795,153.16191
796,710.4607
797,1471.2415
798,855.12604
799,792.7248
800,1956.5875
801,1942.9528
802,498.41385
803,173.43076
804,1858.9395
805,594.96814
806,1814.5808
807,427.57724
808,193.04025
809,324.26324
810,-89.61478
811,2558.3735
812,963.75775
813,776.3898
814,81.731544
815,601.24164
816,1361.7878
817,169.02664
818,193.92558
819,345.6729
820,236.27168
821,874.544
822,334.20538
823,222.41559
824,133.30989
825,682.3063
826,809.4403
827,38.24128
828,1861.3064
829,271.1292
830,869.64087
831,606.3241
832,691.4653
833,42.497166
834,714.72906
835,410.72427
836,960.2405
837,207.50323
838,247.15631
839,1978.1632
840,834.1779
841,945.22144
842,768.599
843,501.08496
844,-18.469467
845,641.0265
846,165.70735
847,844.1308
848,233.85574
849,829.8281
850,665.4863
851,551.08496
852,2268.018
853,336.56155
854,1542.7842
855,400.486
856,1067.9335
857,682.30316
858,800.545
859,1114.8224
860,169.4509
861,189.98346
862,134.06325
863,1818.2283
864,182.55394
865,-2.2334251
866,956.3378
867,49.951637
868,350.7793
869,749.73157
870,1514.1409
871,876.93994
872,232.48242
873,846.5558
874,122.808914
875,1571.4916
876,887.1256
877,205.7297
878,101.72738
879,1612.1345
880,1092.5269
881,207.47034
882,176.64575
883,77.66625
884,115.71269
885,2558.1343
886,1746.9009
887,408.8934
888,996.79254
889,874.40686
890,209.79803
891,780.7043
892,-15.028515
893,1298.4508
894,1234.3926
895,767.01624
896,998.20685
897,1962.2487
898,1012.85626
899,361.2948
900,1702.0831
901,709.4681
902,111.53005
903,893.4569
904,110.3533
905,1452.5952
906,520.047
907,1103.6504
908,823.3933
909,1529.8265
910,43.77418
911,308.5561
912,1292.8069
913,94.34854
914,68.20081
915,763.4462
916,1465.7305
917,2635.1375
918,65.6733
919,978.2248
920,1258.9635
921,1345.6025
922,1664.1902
923,23.302975
924,387.3927
925,117.45123
926,1607.6707
927,1331.7161
928,655.03705
929,659.6324
930,2013.1069
931,2284.6
932,170.58684
933,77.493965
934,91.843185
935,942.57556
936,1473.5787
937,1841.0049
938,103.73963
939,221.90948
940,984.8241
941,609.5318
942,-1.0444846
943,277.01828
944,372.39215
945,2003.8264
946,-22.589619
947,1630.2397
948,1362.8854
949,204.6071
950,1275.8608
951,1258.4526
952,394.78336
953,425.57623
954,129.00752
955,1278.2295
956,176.993
957,180.81303
958,1052.4181
959,404.78244
960,684.70905
961,771.38184
962,925.2092
963,249.53424
964,1373.6265
965,1031.4338
966,178.18163
967,1265.2322
968,373.8621
969,297.17825
970,349.71613
971,862.2555
972,707.2155
973,87.445755
974,1747.7391
975,265.5045
976,1860.5363
977,208.26144
978,1362.3412
979,64.770805
980,67.68937
981,71.911644
982,244.10986
983,1065.8038
984,864.0442
985,277.44482
986,268.29172
987,324.82437
988,2195.1912
989,26.279411
990,822.7143
991,742.6162
992,366.43588
993,764.1034
994,1186.7748
995,469.01608
996,173.83977
997,911.3923
998,167.9756
999,2570.514
1000,566.7343
1001,368.20975
1002,389.60947
1003,710.92163
1004,1360.1886
1005,1370.1746
1006,156.82172
1007,751.0313
1008,192.70007
1009,732.41974
1010,1467.6067
1011,176.23724
1012,2580.949
1013,986.578
1014,472.3609
1015,1458.1873
1016,862.2718
1017,1030.1475
1018,235.42397
1019,108.45215
1020,163.11446
1021,532.32666
1022,2349.198
1023,1129.8851
1024,1096.0109
1025,496.8395
1026,1105.0146
1027,2429.2502
1028,48.91218
1029,2364.4768
1030,368.57883
1031,358.1214
1032,82.28659
1033,910.3506
1034,25.74597
1035,816.9426
1036,193.5867
1037,356.06113
1038,40.642372
1039,1177.9135
1040,249.77133
1041,205.15825
1042,1071.7816
1043,726.81036
1044,834.6915
1045,189.33844
1046,435.1391
1047,1163.3264
1048,1040.8589
1049,114.195656
1050,1201.7645
1051,122.68723
1052,1786.0802
1053,330.5368
1054,311.4634
1055,1657.9286
1056,259.86386
1057,103.06311
1058,1315.1512
1059,281.9729
1060,1539.216
1061,1833.0518
1062,1441.5844
1063,1949.1713
1064,765.82837
1065,402.11945
1066,1331.5807
1067,13.856734
1068,1145.8585
1069,1409.7239
1070,1638.5302
1071,174.03247
1072,998.3676
1073,1186.1523
1074,574.95
1075,933.766
1076,714.0386
1077,311.5854
1078,100.596695
1079,303.1957
1080,2162.2983
1081,865.616
1082,597.0099
1083,398.8345
1084,202.43501
1085,950.4787
1086,1593.9868
1087,1697.0155
1088,1299.0231
1089,17.351162
1090,556.7959
1091,-5.3922048
1092,1245.02
1093,353.53897
1094,868.29504
1095,821.1025
1096,831.78784
1097,1297.0176
1098,489.90094
1099,272.7717
1100,313.91858
1101,-53.28103
1102,290.76462
1103,1044.0836
1104,454.91406
1105,160.0173
1106,726.9014
1107,1215.363
1108,873.13525
1109,1702.6229
1110,219.40182
1111,56.825302
1112,1353.4672
1113,195.81107
1114,878.1176
1115,547.7173
1116,416.51614
1117,780.112
1118,130.91179
1119,628.6198
1120,129.12614
1121,1114.771
1122,152.38918
1123,99.24452
1124,934.5914
1125,14.208643
1126,194.36299
1127,1705.2241
1128,539.1952
1129,131.11171
1130,1812.4121
1131,1448.9368
1132,1281.6167
1133,742.90454
1134,460.9609
1135,294.8165
1136,463.51865
1137,1254.7826
1138,181.91783
1139,991.24243
1140,904.5332
1141,1378.1229
1142,602.16223
1143,763.7553
1144,726.9546
1145,39.368336
1146,40.634094
1147,281.3137
1148,640.33453
1149,317.33688
1150,626.88837
1151,51.09547
1152,757.36926
1153,810.71594
1154,982.5541
1155,311.80435
1156,212.76572
1157,156.73827
1158,1410.219
1159,1397.7035
1160,118.342705
1161,829.2241
1162,7.760981
1163,1758.8481
1164,998.7987
1165,2191.722
1166,1159.2107
1167,173.23499
1168,1019.75085
1169,1134.3726
1170,95.66066
1171,219.23183
1172,711.1994
1173,1487.7104
1174,264.07693
1175,446.87433
1176,1303.9165
1177,945.7616
1178,1269.7039
1179,204.77538
1180,668.3671
1181,1426.3169
1182,858.9647
1183,977.01575
1184,414.24817
1185,698.6311
1186,1592.7301
1187,677.5646
1188,637.469
1189,407.3419
1190,1401.5231
1191,901.601
1192,725.17426
1193,852.1373
1194,822.65875
1195,792.96985
1196,723.4783
1197,670.5715
1198,1565.619
1199,259.50305
1200,288.84555
1201,758.221
1202,93.57157
1203,1533.0361
1204,-2.1790454
1205,132.698
1206,1585.354
1207,944.1117
1208,429.9492
1209,180.30884
1210,73.29542
1211,667.9023
1212,1016.8268
1213,353.62604
1214,422.8942
1215,613.46014
1216,146.97981
1217,268.1089
1218,1431.5835
1219,181.77092
1220,317.2965
1221,1389.6599
1222,1379.0339
1223,471.11557
1224,-21.536331
1225,1919.0795
1226,1280.1577
1227,78.35056
1228,242.40248
1229,131.38808
1230,334.8834
1231,1533.1564
1232,1458.0018
1233,742.9964
1234,798.3474
1235,1003.86975
1236,448.1521
1237,971.7736
1238,330.89877
1239,1427.2517
1240,2623.175
1241,942.29016
1242,1896.1676
1243,623.37976
1244,227.12474
1245,588.9277
1246,421.94345
1247,369.09796
1248,129.67175
1249,109.94563
1250,125.99087
1251,131.60623
1252,172.18921
1253,1337.6697
1254,536.7422
1255,393.39532
1256,43.0807
1257,592.5315
1258,121.720314
1259,704.3491
1260,287.7607
1261,137.44351
1262,97.05614
1263,1070.1661
1264,997.72845
1265,157.48132
1266,1057.2858
1267,1871.8088
1268,2104.7036
1269,907.8477
1270,174.36996
1271,1071.7803
1272,208.76093
1273,1083.9098
1274,374.7268
1275,879.58203
1276,1131.3381
1277,65.50148
1278,38.29204
1279,1537.3995
1280,277.83182
1281,242.07768
1282,212.33235
1283,504.77698
1284,534.2472
1285,1095.303
1286,338.06223
1287,747.77795
1288,169.03593
1289,2224.2998
1290,-1.2964087
1291,867.12775
1292,323.7944
1293,1535.2006
1294,1269.1587
1295,1057.5305
1296,6.5942245
1297,57.76618
1298,232.50284
1299,155.49878
1300,569.8873
1301,829.11786
1302,435.07144
1303,477.68063
1304,2053.402
1305,2183.1267
1306,145.47429
1307,277.86377
1308,895.06915
1309,121.50604
1310,228.06483
1311,993.862
1312,1036.512
1313,691.1539
1314,1304.645
1315,2932.4841
1316,607.8612
1317,310.167
1318,34.85633
1319,89.4869
1320,178.4198
1321,508.48026
1322,734.0361
1323,1404.0244
1324,345.3633
1325,184.82054
1326,190.20761
1327,253.90875
1328,176.83864
1329,802.59576
1330,751.65936
1331,1507.683
1332,1129.9004
1333,127.22983
1334,31.09495
1335,671.7495
1336,746.1556
1337,305.23978
1338,198.6873
1339,474.7346
1340,95.749664
1341,379.9578
1342,-89.66306
1343,1273.762
1344,336.2646
1345,940.5163
1346,810.8127
1347,2331.1836
1348,845.848
1349,809.34064
1350,1427.2952
1351,979.9587
1352,1516.3833
1353,27.344858
1354,1665.7358
1355,429.50034
1356,305.05576
1357,994.46497
1358,598.0326
1359,220.20847
1360,1517.7925
1361,26.112179
1362,2223.1477
1363,824.1311
1364,266.1773
1365,1609.5186
1366,268.1937
1367,124.69447
1368,840.5435
1369,240.30966
1370,522.0584
1371,1019.3484
1372,146.97972
1373,2042.649
1374,1121.8945
1375,252.65724
1376,851.4755
1377,474.85965
1378,1088.4398
1379,2329.1023
1380,1164.9426
1381,1016.20685
1382,1621.7915
1383,501.4814
1384,742.3451
1385,-43.366505
1386,1849.3374
1387,127.46971
1388,1793.302
1389,2615.425
1390,242.52277
1391,1531.3059
1392,586.7235
1393,2616.1355
1394,435.9476
1395,2468.482
1396,1118.5903
1397,153.95909
1398,747.467
1399,51.519135
1400,1000.09125
1401,94.8112
1402,930.9926
1403,331.89328
1404,175.7152
1405,183.09702
1406,367.839
1407,819.47345
1408,1061.8777
1409,246.21674
1410,1149.7734
1411,968.23303
1412,66.73607
1413,986.1834
1414,447.19922
1415,285.22244
1416,605.09357
1417,1487.9338
1418,46.590305
1419,1833.6653
1420,1003.70215
1421,617.0511
1422,830.8052
1423,775.7903
1424,118.04093
1425,96.95232
1426,1480.7717
1427,1353.4912
1428,234.23204
1429,483.6768
1430,530.27856
1431,737.6402
1432,1368.3976
1433,1293.7192
1434,907.93286
1435,447.44028
1436,114.1743
1437,483.7269
1438,155.02261
1439,1614.1377
1440,1208.7731
1441,81.68325
1442,908.95276
1443,227.47954
1444,831.575
1445,1032.0066
1446,1415.0538
1447,668.03796
1448,571.95984
1449,639.8838
1450,647.9486
1451,243.97968
1452,183.19885
1453,523.45166
1454,85.10419
1455,1746.2646
1456,354.87967
1457,135.78134
1458,791.6683
1459,1795.4614
1460,2787.8584
1461,180.00778
1462,-22.998098
1463,153.23221
1464,194.7113
1465,407.23627
1466,1860.4355
1467,651.9186
1468,608.29944
1469,1355.9282
1470,139.16974
1471,352.20993
1472,365.47708
1473,261.95416
1474,2349.151
1475,1070.7319
1476,2273.9622
1477,199.39787
1478,1925.5544
1479,398.90173
1480,266.29968
1481,1929.5837
1482,657.77625
1483,258.20215
1484,251.2334
1485,1081.8392
1486,674.5065
1487,414.4924
1488,102.30389
1489,672.5546
1490,107.04518
1491,1711.1027
1492,46.687725
1493,1260.0312
1494,1056.2458
1495,212.54385
1496,82.68708
1497,432.11594
1498,354.56503
1499,768.2337
1500,117.6862
1501,829.7876
1502,405.11755
1503,901.06964
1504,757.1467
1505,1532.0189
1506,296.43668
1507,1148.4362
1508,118.99926
1509,-47.8191
1510,437.11136
1511,128.05603
1512,1721.8802
1513,175.2492
1514,346.71405
1515,408.18027
1516,1495.3018
1517,898.84424
1518,412.4161
1519,457.99557
1520,2413.3777
1521,552.91254
1522,286.58707
1523,59.131283
1524,2043.9321
1525,919.1157
1526,1244.273
1527,403.42746
1528,1944.2559
1529,108.267265
1530,924.4842
1531,1242.2733
1532,2661.8657
1533,624.0751
1534,118.747444
1535,1022.26355
1536,1205.6783
1537,535.5173
1538,2264.5378
1539,988.2845
1540,2190.4385
1541,305.7405
1542,19.234224
1543,-1.5946544
1544,2099.917
1545,264.48874
1546,1882.1918
1547,762.7103
1548,1433.202
1549,84.79988
1550,1296.2386
1551,2031.2063
1552,1963.7711
1553,1724.9633
1554,32.833973
1555,373.13284
1556,689.72327
1557,818.04877
1558,1498.7297
1559,108.79095
1560,1779.1031
1561,200.55554
1562,305.66254
1563,220.3908
1564,1674.2334
1565,879.12836
1566,216.5949
1567,464.59888
1568,177.20067
1569,1640.6846
1570,317.96487
1571,350.31778
1572,81.502144
1573,345.0054
1574,1532.6414
1575,1465.6836
1576,549.7651
1577,905.48956
1578,485.12946
1579,305.7789
1580,861.5615
1581,813.271
1582,1888.3137
1583,191.35378
1584,547.4191
1585,2017.6338
1586,-81.23356
1587,784.8967
1588,62.628365
1589,1019.7868
1590,1039.1261
1591,182.72456
1592,-9.751057
1593,929.3981
1594,673.9056
1595,1185.4263
1596,1053.0162
1597,81.26672
1598,973.82544
1599,1541.9838
1600,2623.8914
1601,397.30078
1602,1485.2312
1603,670.13153
1604,264.10934
1605,1003.3799
1606,356.43262
1607,1676.7856
1608,108.91219
1609,584.33136
1610,412.8217
1611,316.1501
1612,1233.0046
1613,235.66399
1614,319.41296
1615,539.53455
1616,444.744
1617,746.71826
1618,396.1874
1619,377.5184
1620,262.3497
1621,-134.23167
1622,232.58441
1623,1386.4504
1624,-49.394623
1625,834.288
1626,212.49129
1627,788.4076
1628,595.38745
1629,247.66402
1630,957.9166
1631,43.13721
1632,1161.6752
1633,396.83954
1634,1827.7789
1635,234.91992
1636,1992.0917
1637,187.79001
1638,748.292
1639,373.1649
1640,369.46228
1641,58.962097
1642,365.44424
1643,644.29645
1644,308.86188
1645,201.75684
1646,155.33583
1647,109.27408
1648,139.90323
1649,120.91369
1650,450.9964
1651,164.92618
1652,1638.2416
1653,216.63414
1654,1540.3086
1655,743.6006
1656,1628.8917
1657,23.28396
1658,172.99585
1659,631.5304
1660,345.36124
1661,-4.072243
1662,144.59203
1663,1224.5773
1664,1362.3801
1665,76.902954
1666,112.90957
1667,492.94547
1668,999.92
1669,681.4699
1670,241.27718
1671,84.19075
1672,1056.072
1673,600.4503
1674,106.37243
1675,256.2636
1676,325.5544
1677,1824.1537
1678,675.3987
1679,185.22458
1680,2268.9849
1681,119.13765
1682,1588.7064
1683,659.5049
1684,-49.311554
1685,400.85764
1686,189.59961
1687,188.049
1688,530.82166
1689,-43.812225
1690,1301.2625
1691,1713.3181
1692,265.31522
1693,796.7356
1694,1210.5999
1695,31.731403
1696,61.336292
1697,93.990456
1698,295.0059
1699,162.4422
1700,89.50447
1701,113.716705
1702,562.4177
1703,201.99684
1704,738.1579
1705,837.1405
1706,856.8762
1707,1983.6315
1708,1662.1519
1709,1635.2157
1710,384.2121
1711,-39.428642
1712,1981.6313
1713,184.83441
1714,793.69336
1715,853.1866
1716,690.9422
1717,637.0248
1718,280.83215
1719,14.132401
1720,252.87169
1721,1287.635
1722,81.934364
1723,1785.8116
1724,732.7159
1725,295.38165
1726,87.703835
1727,279.77655
1728,1620.019
1729,1085.1477
1730,1435.7977
1731,1389.6073
1732,139.79327
1733,1370.3551
1734,1290.701
1735,593.4277
1736,-43.163017
1737,835.4147
1738,286.61188
1739,303.87918
1740,952.23303
1741,493.37866
1742,779.301
1743,1417.0063
1744,223.84215
1745,699.6448
1746,76.19249
1747,86.71659
1748,155.22899
1749,421.52643
1750,553.23846
1751,1978.5538
1752,193.9877
1753,282.13605
1754,1752.9192
1755,71.46217
1756,866.1449
1757,679.1122
1758,1492.3347
1759,192.69026
1760,922.7153
1761,237.70049
1762,987.02606
1763,1276.6351
1764,174.7363
1765,236.06638
1766,323.49707
1767,303.34518
1768,321.43643
1769,528.0841
1770,22.602587
1771,286.66666
1772,198.80595
1773,685.00507
1774,323.75626
1775,1635.0205
1776,208.71669
1777,1155.6782
1778,884.6186
1779,2143.2063
1780,328.00858
1781,828.60645
1782,574.294
1783,525.4555
1784,785.11
1785,521.823
1786,227.66309
1787,423.8838
1788,337.16736
1789,259.64355
1790,632.75977
1791,276.1258
1792,350.24728
1793,194.38956
1794,139.33957
1795,692.21405
1796,75.409515
1797,868.54803
1798,1049.4438
1799,607.6078
1800,1707.0756
1801,614.45685
1802,1369.658
1803,720.8097
1804,409.86865
1805,151.94026
1806,731.8722
1807,-48.999565
1808,1512.8865
1809,188.92075
1810,80.02464
1811,99.09717
1812,310.0035
1813,300.80676
1814,194.17722
1815,23.093742
1816,1502.9109
1817,1139.4048
1818,1387.2141
1819,261.54858
1820,255.9959
1821,557.30646
1822,381.89926
1823,61.144722
1824,432.53406
1825,165.18336
1826,2290.4294
1827,-34.323433
1828,979.7906
1829,182.87125
1830,1025.6768
1831,259.9631
1832,141.35953
1833,553.696
1834,72.231415
1835,637.6706
1836,1517.8138
1837,178.04958
1838,1087.0686
1839,-62.440853
1840,304.75732
1841,388.80582
1842,990.68225
1843,164.88373
1844,208.08885
1845,-7.0727005
1846,676.4042
1847,161.04767
1848,1306.2712
1849,1238.8965
1850,368.4329
1851,454.4487
1852,527.8907
1853,324.3592
1854,162.33257
1855,1308.1003
1856,222.9213
1857,573.4316
1858,165.29445
1859,625.0948
1860,52.97219
1861,1031.243
1862,1846.3542
1863,1411.2117
1864,698.9524
1865,2047.5988
1866,788.6548
1867,1328.0615
1868,547.67523
1869,239.81506
1870,-32.519295
1871,8.384903
1872,255.6599
1873,271.55765
1874,60.176895
1875,144.82013
1876,1642.9006
1877,295.95236
1878,444.2833
1879,367.96185
1880,65.69234
1881,922.6919
1882,679.44525
1883,230.13358
1884,1063.7423
1885,195.38997
1886,1136.6499
1887,1222.9464
1888,87.333954
1889,123.46762
1890,551.6893
1891,378.75308
1892,-46.67514
1893,774.54803
1894,490.3227
1895,1102.59
1896,219.94765
1897,174.91316
1898,111.8381
1899,1029.0367
1900,606.37146
1901,624.84357
1902,40.25922
1903,266.73056
1904,873.72
1905,807.99316
1906,771.1199
1907,469.10416
1908,14.509829
1909,64.113594
1910,161.28185
1911,197.3504
1912,129.2933
1913,44.785206
1914,42.04142
1915,172.46483
1916,963.98724
1917,775.88153
1918,1012.4987
1919,207.94138
1920,134.0214
1921,122.79446
1922,726.596
1923,427.8688
1924,988.8666
1925,364.5592
1926,1217.8702
1927,384.76736
1928,130.22253
1929,64.430046
1930,397.22455
1931,237.7614
1932,1729.8489
1933,326.81195
1934,382.3144
1935,1013.1017
1936,134.39896
1937,1113.023
1938,273.4618
1939,162.51791
1940,867.5103
1941,1805.3304
1942,306.71655
1943,283.7164
1944,31.43882
1945,376.21613
1946,170.40385
1947,121.41104
1948,28.805483
1949,584.2508
1950,1142.3116
1951,848.53705
1952,129.23877
1953,391.42975
1954,1719.1978
1955,858.8009
1956,418.93146
1957,128.56197
1958,474.89468
1959,975.60394
1960,22.542072
1961,574.5389
1962,327.3329
1963,695.42694
1964,207.7494
1965,79.256134
1966,172.27272
1967,1015.10144
1968,401.23627
1969,1466.8954
1970,1490.9911
1971,842.3801
1972,168.4839
1973,1044.2899
1974,337.87732
1975,349.15646
1976,167.00539
1977,282.15768
1978,426.27127
1979,1405.8313
1980,319.2389
1981,1620.4845
1982,203.72864
1983,176.57875
1984,793.62494
1985,212.68265
1986,1286.0359
1987,196.83696
1988,1949.3549
1989,297.0499
1990,1926.8109
1991,98.961174
1992,697.4769
1993,58.09369
1994,1747.5801
1995,372.19882
1996,261.7868
1997,1184.9497
1998,360.28238
1999,130.0635
2000,1874.3484
2001,416.62665
2002,1076.1388
2003,332.4783
2004,809.98724
2005,1547.9523
2006,915.7774
2007,260.05142
2008,103.91862
2009,22.483812
2010,1322.1613
2011,2018.0226
2012,2095.1772
2013,431.56482
2014,122.62962
2015,1193.3113
2016,514.7006
2017,1200.7034
2018,597.872
2019,470.7436
2020,282.98346
2021,682.3492
2022,2726.6829
2023,394.7942
2024,292.66873
2025,830.4565
2026,1820.7379
2027,853.5314
2028,808.7336
2029,1494.4174
2030,1212.7035
2031,391.41232
2032,597.3388
2033,1868.9006
2034,985.4507
2035,2010.0498
2036,902.34406
2037,443.0883
2038,371.8394
2039,1625.6471
2040,106.411095
2041,553.1056
2042,283.3293
2043,1279.0139
2044,1390.5874
2045,-10.964681
2046,1314.3091
2047,31.299976
2048,1469.2242
2049,644.4752
2050,148.1314
2051,1920.6143
2052,590.4776
2053,781.3685
2054,571.3383
2055,577.4917
2056,361.02234
2057,1971.0448
2058,1196.3226
2059,154.85205
2060,1096.5686
2061,2306.7126
2062,170.52594
2063,390.67126
2064,155.13008
2065,869.01636
2066,1066.3395
2067,1959.6509
2068,228.51433
2069,475.41446
2070,151.23468
2071,1590.377
2072,258.88803
2073,1799.3229
2074,663.64264
2075,-3.136894
2076,568.41895
2077,-18.16159
2078,2071.9915
2079,362.89548
2080,1734.756
2081,1804.5232
2082,668.2087
2083,456.23645
2084,1087.0952
2085,2786.0095
2086,1125.4678
2087,162.81361
2088,1851.2461
2089,88.78721
2090,851.84924
2091,354.47952
2092,1161.4547
2093,1013.2188
2094,15.653235
2095,1899.8484
2096,633.47516
2097,247.62541
2098,1013.2164
2099,970.33777
2100,212.00853
2101,978.9693
2102,759.584
2103,1284.1893
2104,601.5677
2105,152.41968
2106,935.42255
2107,172.17064
2108,275.2482
2109,1124.0127
2110,1274.6235
2111,517.5371
2112,997.71686
2113,1167.0515
2114,51.169758
2115,2316.4097
2116,995.47186
2117,32.73383
2118,197.44118
2119,317.62994
2120,176.01888
2121,114.55422
2122,21.20171
2123,645.95087
2124,133.33234
2125,1303.527
2126,1090.9536
2127,348.16916
2128,316.0997
2129,748.7522
2130,1489.4995
2131,288.16623
2132,458.7053
2133,663.9273
2134,251.50848
2135,964.65955
2136,129.53131
2137,1160.038
2138,912.85406
2139,441.3927
2140,192.45757
2141,1331.935
2142,558.1167
2143,797.7275
2144,204.90955
2145,105.57807
2146,510.71494
2147,1407.7549
2148,1373.2039
2149,987.9044
2150,1405.4038
2151,319.07288
2152,23.656109
2153,1548.4349
2154,255.44283
2155,247.42575
2156,790.92883
2157,1231.2845
2158,137.42957
2159,135.04884
2160,88.8221
2161,1109.3234
2162,445.0775
2163,1839.973
2164,434.88666
2165,140.97406
2166,185.56151
2167,365.03995
2168,429.70486
2169,714.24176
2170,71.47885
2171,2082.599
2172,218.29814
2173,162.92928
2174,1875.8978
2175,1490.8667
2176,1222.0457
2177,285.86108
2178,686.5524
2179,1171.8209
2180,1179.5924
2181,285.60947
2182,107.650375
2183,890.05
2184,1313.7881
2185,822.15015
2186,61.538765
2187,187.6409
2188,905.42773
2189,70.583855
2190,1232.0287
2191,1234.1475
2192,397.49405
2193,414.82697
2194,742.45526
2195,835.96265
2196,336.2547
2197,651.8938
2198,2012.9801
2199,193.49585
2200,367.18753
2201,288.45044
2202,1624.6908
2203,74.517586
2204,529.7172
2205,914.81323
2206,602.6212
2207,248.58502
2208,1827.7867
2209,1904.0247
2210,763.2726
2211,646.42255
2212,803.64874
2213,433.07953
2214,319.88937
2215,1557.893
2216,2048.7366
2217,93.99023
2218,623.7534
2219,262.5448
2220,324.69937
2221,2449.9963
2222,320.54172
2223,959.4139
2224,944.99414
2225,332.48233
2226,1305.432
2227,87.62572
2228,2296.8713
2229,1710.2749
2230,1600.999
2231,154.82817
2232,145.53587
2233,198.21083
2234,1302.9108
2235,147.53412
2236,1248.7983
2237,1296.1421
2238,58.752213
2239,80.589096
2240,254.80838
2241,235.69543
2242,1293.3976
2243,180.04092
2244,986.2312
2245,135.54063
2246,299.41708
2247,236.73096
2248,226.35982
2249,114.75332
2250,2038.6766
2251,182.13867
2252,595.6607
2253,294.89673
2254,1167.8655
2255,1065.7177
2256,145.70345
2257,572.35565
2258,155.86209
2259,655.56244
2260,1454.1788
2261,542.17737
2262,1440.0676
2263,1554.165
2264,68.565926
2265,1191.8441
2266,239.39528
2267,378.08112
2268,2007.7249
2269,812.85394
2270,320.95114
2271,109.729164
2272,1464.9844
2273,87.480095
2274,120.88886
2275,561.3832
2276,137.33566
2277,732.7229
2278,802.8005
2279,466.73123
2280,134.26274
2281,209.15556
2282,213.29689
2283,371.12473
2284,2033.7931
2285,853.464
2286,342.6161
2287,323.03174
2288,666.3755
2289,1958.6586
2290,492.4912
2291,430.74002
2292,147.43341
2293,268.29822
2294,497.989
2295,489.53122
2296,285.81982
2297,2383.671
2298,982.9647
2299,356.59048
2300,904.95734
2301,960.6404
2302,251.57892
2303,1368.1079
2304,310.62097
2305,1697.7034
2306,154.79507
2307,1050.8269
2308,836.27374
2309,951.81287
2310,193.68944
2311,570.6535
2312,2339.2764
2313,605.7383
2314,319.0185
2315,38.306618
2316,467.3886
2317,2282.4143
2318,2402.4824
2319,353.10663
2320,476.19467
2321,295.89694
2322,-17.569105
2323,2413.5283
2324,83.74849
2325,235.33676
2326,277.2773
2327,1476.572
2328,825.921
2329,373.12027
2330,192.02937
2331,62.543617
2332,706.3892
2333,1096.0308
2334,1101.0574
2335,767.1929
2336,927.4771
2337,321.60956
2338,1076.1494
2339,284.93488
2340,151.40407
2341,107.16762
2342,110.741425
2343,1024.0013
2344,25.922028
2345,1157.1578
2346,69.84511
2347,626.6687
2348,354.55914
2349,203.41008
2350,210.38594
2351,456.91803
2352,1.3702747
2353,1758.2773
2354,2410.4302
2355,1757.3751
2356,1429.5603
2357,23.44747
2358,236.6812
2359,781.8941
2360,564.85645
2361,660.28876
2362,158.24742
2363,585.12994
2364,1751.8566
2365,2492.616
2366,984.43756
2367,861.7487
2368,1235.9211
2369,276.16632
2370,89.82923
2371,155.41795
2372,44.932037
2373,67.89036
2374,107.79925
2375,406.2215
2376,672.7204
2377,1039.1462
2378,1143.8884
2379,1.0231649
2380,979.741
2381,487.37283
2382,211.98994
2383,230.8217
2384,1694.5571
2385,217.6957
2386,328.0062
2387,1615.6432
2388,338.41403
2389,327.05215
2390,129.77826
2391,1163.5114
2392,427.46277
2393,858.1392
2394,2579.4612
2395,922.84393
2396,-54.622578
2397,1922.756
2398,28.765987
2399,161.58754
2400,198.40024
2401,2113.7217
2402,833.0728
2403,1346.7592
2404,958.57367
2405,337.63147
2406,123.9499
2407,103.835434
2408,105.39763
2409,598.845
2410,-20.189457
2411,210.19975
2412,1255.5895
2413,116.13454
2414,93.53149
2415,1027.1498
2416,361.56934
2417,209.28677
2418,644.2809
2419,992.05115
2420,276.471
2421,1255.4873
2422,341.15375
2423,332.4271
2424,285.0717
2425,1315.6036
2426,773.7782
2427,1250.2687
2428,734.62006
2429,786.2879
2430,593.37146
2431,337.38004
2432,3.2765138
2433,460.43015
2434,49.699432
2435,248.93257
2436,1097.2308
2437,1198.0197
2438,738.0167
2439,414.63724
2440,1405.7917
2441,226.63109
2442,919.80066
2443,2355.3718
2444,321.63516
2445,1282.2916
2446,121.98375
2447,356.28943
2448,1586.4801
2449,561.4792
2450,82.31646
2451,-106.47919
2452,1650.8588
2453,114.68985
2454,1106.1857
2455,999.7252
2456,726.978
2457,313.578
2458,923.5353
2459,830.7258
2460,168.05267
2461,1000.71796
2462,803.06494
2463,1316.7865
2464,2067.678
2465,251.3932
2466,420.75363
2467,920.44824
2468,1450.9689
2469,1162.0852
2470,648.14404
2471,257.88882
2472,223.57915
2473,10.447749
2474,-21.237175
2475,661.5644
2476,2584.07
2477,-85.82389
2478,292.1958
2479,417.32477
2480,1072.3508
2481,89.23142
2482,634.199
2483,198.26299
2484,72.199684
2485,506.96893
2486,2647.4666
2487,1426.428
2488,395.92902
2489,2385.8687
2490,188.577
2491,524.371
2492,188.60573
2493,155.00038
2494,2003.5625
2495,1103.8258
2496,271.06998
2497,1758.9817
2498,1116.8192
2499,1995.8766
2500,925.392
2501,599.14606
2502,65.82205
2503,930.54
2504,1181.6339
2505,885.1602
2506,55.602253
2507,1701.3496
2508,178.30518
2509,377.2564
2510,503.40237
2511,753.8345
2512,305.9272
2513,73.457886
2514,1013.641
2515,377.24796
2516,304.98547
2517,1375.6007
2518,741.275
2519,63.61544
2520,277.2991
2521,290.41907
2522,574.3765
2523,356.27628
2524,1359.7719
2525,698.9007
2526,847.5645
2527,376.9658
2528,279.23904
2529,61.64922
2530,482.7045
2531,96.95771
2532,34.890495
2533,1953.0425
2534,575.2416
2535,150.22975
2536,74.63329
2537,570.9727
2538,176.88649
2539,423.15073
2540,1108.1042
2541,226.88803
2542,406.86368
2543,297.3455
2544,1165.2422
2545,1131.0713
2546,1952.7793
2547,1378.7102
2548,1490.3315
2549,241.41388
2550,48.347694
2551,455.703
2552,1404.6647
2553,398.78967
2554,1181.0173
2555,245.67157
2556,518.57184
2557,1288.7588
2558,1549.628
2559,1495.5831
2560,381.169
2561,509.45926
2562,1016.23376
2563,1025.6299
2564,271.79083
2565,1546.0995
2566,728.9112
2567,958.29034
2568,1090.8467
2569,180.24507
2570,178.83986
2571,207.29251
2572,336.80154
2573,899.97955
2574,1028.4207
2575,276.9217
2576,149.7794
2577,372.13846
2578,406.13123
2579,564.38666
2580,322.40744
2581,29.463303
2582,1982.083
2583,761.6763
2584,455.8071
2585,630.56366
2586,202.8714
2587,253.96844
2588,191.5134
2589,1027.8944
2590,1367.8368
2591,153.28136
2592,186.5179
2593,491.28705
2594,830.6067
2595,858.31305
2596,177.78429
2597,1173.25
2598,375.70615
2599,649.85144
2600,59.06671
2601,357.6921
2602,504.50684
2603,1503.1326
2604,926.16864
2605,707.3478
2606,338.5122
2607,1511.5096
2608,527.60114
2609,122.85114
2610,162.89658
2611,1217.9929
2612,838.0735
2613,1465.6168
2614,1507.3939
2615,1005.1205
2616,642.4473
2617,258.9169
2618,455.52264
2619,354.86948
2620,235.07466
2621,1617.7203
2622,222.55202
2623,1310.4808
2624,230.47983
2625,333.92996
2626,801.50824
2627,12.332243
2628,1491.9395
2629,359.6074
2630,303.12732
2631,596.9138
2632,750.5594
2633,1056.6222
2634,1592.7336
2635,614.63885
2636,1321.481
2637,1495.8787
2638,1302.629
2639,1579.024
2640,686.835
2641,423.48535
2642,554.4155
2643,1435.8708
2644,203.23666
2645,1323.8822
2646,549.95465
2647,196.6613
2648,231.19437
2649,1157.7843
2650,234.80302
2651,1169.7749
2652,521.7154
2653,719.4647
2654,459.75348
2655,943.60754
2656,8.357574
2657,-29.559603
2658,164.48813
2659,1294.157
2660,295.36154
2661,-16.256357
2662,935.45764
2663,170.0186
2664,1411.5724
2665,839.05194
2666,-13.494946
2667,1253.4069
2668,213.87698
2669,173.13948
2670,1788.2322
2671,2042.5859
2672,297.4475
2673,106.409386
2674,1203.5391
2675,111.062454
2676,184.83882
2677,1424.2734
2678,35.968494
2679,1994.2606
2680,1037.5082
2681,164.94846
2682,1151.5361
2683,1870.3328
2684,1204.597
2685,467.957
2686,1144.2179
2687,1678.2861
2688,793.8553
2689,278.39124
2690,143.63333
2691,476.50186
2692,1615.9623
2693,241.41165
2694,1545.0706
2695,80.238235
2696,2679.0315
2697,774.5759
2698,1268.5912
2699,297.24475
2700,-18.177027
2701,2049.4358
2702,1494.1237
2703,604.7583
2704,354.92276
2705,900.6783
2706,73.874374
2707,309.0711
2708,37.55552
2709,1920.239
2710,980.2142
2711,326.41486
2712,220.04703
2713,1626.2069
2714,776.39557
2715,391.51978
2716,116.64682
2717,2422.7827
2718,181.01186
2719,1653.2523
2720,1756.1101
2721,373.05908
2722,769.4996
2723,1670.828
2724,1008.8181
2725,1045.1543
2726,190.21008
2727,1571.3115
2728,1031.5558
2729,919.5976
2730,367.01846
2731,991.65173
2732,461.99033
2733,1126.5637
2734,160.01562
2735,762.1962
2736,230.43658
2737,979.80475
2738,155.69133
2739,1751.6061
2740,634.61584
2741,733.3929
2742,1178.1487
2743,54.3789
2744,738.2265
2745,265.85257
2746,336.23926
2747,-5.873231
2748,592.368
2749,1106.9648
2750,1483.4186
2751,53.842304
2752,1952.6987
2753,888.2741
2754,887.06256
2755,385.51248
2756,1388.866
2757,297.0799
2758,1192.8579
2759,1834.8507
2760,382.07996
2761,241.41882
2762,100.29428
2763,300.1256
2764,273.13904
2765,1282.9417
2766,-7.9527526
2767,744.43475
2768,118.02083
2769,1523.9572
2770,994.1717
2771,2005.7169
2772,82.04892
2773,210.18742
2774,620.2064
2775,225.7472
2776,1173.8489
2777,251.44737
2778,1410.6554
2779,1541.5908
2780,943.03625
2781,305.17792
2782,936.3358
2783,102.38091
2784,183.20073
2785,312.13123
2786,410.50925
2787,110.93645
2788,1509.7273
2789,1309.0214
2790,307.84155
2791,503.8156
2792,296.62036
2793,420.61215
2794,146.49396
2795,1316.1199
2796,271.60434
2797,206.2357
2798,26.036
2799,156.68811
2800,591.32166
2801,1394.7415
2802,95.16388
2803,-4.6183853
2804,1810.8403
2805,658.5497
2806,307.52264
2807,902.75525
2808,2584.8308
2809,58.909973
2810,1063.9185
2811,197.36592
2812,230.50647
2813,331.13782
2814,111.74208
2815,167.42776
2816,112.72799
2817,238.45457
2818,304.9518
2819,304.62692
2820,248.28836
2821,52.265617
2822,281.78827
2823,26.10088
2824,1497.9879
2825,1753.3778
2826,422.71277
2827,617.49915
2828,376.18817
2829,675.7987
2830,767.2428
2831,386.09082
2832,832.62103
2833,1012.47034
2834,1557.6041
2835,239.08777
2836,237.48357
2837,151.83669
2838,92.21206
2839,357.4864
2840,331.22287
2841,-26.940605
2842,1607.0646
2843,1893.3003
2844,258.05988
2845,1441.1818
2846,589.4932
2847,161.85614
2848,243.09918
2849,1098.3066
2850,696.86035
2851,580.85565
2852,1687.4811
2853,2826.2998
2854,147.60222
2855,47.527725
2856,-47.21488
2857,853.4166
2858,482.93973
2859,-39.529915
2860,216.21579
2861,704.74176
2862,711.60815
2863,122.40604
2864,949.0453
2865,1259.1593
2866,244.40338
2867,89.705185
2868,38.01563
2869,281.47604
2870,1572.5013
2871,313.77893
2872,1237.1467
2873,878.1561
2874,1010.7377
2875,495.84473
2876,725.21857
2877,1000.66766
2878,1044.7136
2879,28.556725
2880,1552.5176
2881,121.86368
2882,623.18805
2883,223.08234
2884,727.63684
2885,359.90433
2886,187.69728
2887,286.88614
2888,1119.8542
2889,64.711494
2890,178.75714
2891,1331.4371
2892,185.95308
2893,130.92879
2894,1505.8464
2895,177.5115
2896,1439.038
2897,211.54611
2898,1001.3317
2899,1004.4843
2900,119.39337
2901,402.8935
2902,589.5908
2903,59.41184
2904,711.4627
2905,1308.5474
2906,897.6994
2907,767.60657
2908,619.90894
2909,109.19906
2910,242.73018
2911,1508.9158
2912,153.37521
2913,1237.5841
2914,132.1229
2915,86.98278
2916,194.37291
2917,209.82002
2918,1019.14746
2919,2287.9272
2920,29.04786
2921,1952.1318
2922,214.25859
2923,1961.957
2924,1402.3706
2925,816.26
2926,216.67644
2927,115.81508
2928,218.50336
2929,1099.7637
2930,1063.0306
2931,1483.145
2932,731.51825
2933,327.73312
2934,-17.759687
2935,1226.0201
2936,160.69635
2937,1654.127
2938,891.94934
2939,1792.1913
2940,87.4111
2941,317.00024
2942,85.46651
2943,107.39614
2944,550.6977
2945,1537.3657
2946,696.9793
2947,9.713437
2948,299.70258
2949,315.00668
2950,515.57605
2951,907.5242
2952,268.92136
2953,136.04056
2954,1553.968
2955,110.53392
2956,210.6936
2957,673.344
2958,350.01324
2959,1336.8042
2960,251.78555
2961,-43.00071
2962,1310.1501
2963,68.04656
2964,1316.7057
2965,29.694818
2966,1243.5964
2967,234.07208
2968,113.724655
2969,949.00476
2970,985.8321
2971,409.39645
2972,1099.8252
2973,1008.25214
2974,414.78052
2975,237.08017
2976,1836.7549
2977,1138.0396
2978,381.0313
2979,1129.5303
2980,273.20392
2981,1751.2799
2982,657.3916
2983,1342.6123
2984,1090.7743
2985,18.066462
2986,76.37416
2987,1502.2083
2988,178.66315
2989,912.7437
2990,280.40656
2991,651.8015
2992,264.85873
2993,152.81456
2994,118.41347
2995,412.6794
2996,500.77316
2997,333.0782
2998,2322.6565
2999,161.56976
3000,702.2639
3001,237.72815
3002,525.3568
3003,1315.3641
3004,348.0105
3005,1099.1038
3006,1435.1306
3007,274.89218
3008,2159.0098
3009,401.2478
3010,911.0353
3011,187.71059
3012,1636.2753
3013,773.0047
3014,476.9728
3015,81.85269
3016,1770.6416
3017,1797.9458
3018,351.28772
3019,252.54858
3020,90.394135
3021,1105.5422
3022,1563.5883
3023,1065.652
3024,171.35829
3025,929.25775
3026,139.01962
3027,478.04813
3028,1080.8838
3029,174.53595
3030,263.27283
3031,370.62576
3032,1694.702
3033,1942.9604
3034,1270.3894
3035,1119.4032
3036,268.7792
3037,922.93506
3038,970.1645
3039,135.43108
3040,76.25042
3041,231.72403
3042,330.42688
3043,152.33754
3044,72.15353
3045,310.70334
3046,186.64514
3047,374.36765
3048,618.5787
3049,113.18087
3050,248.46863
3051,803.45996
3052,409.41583
3053,250.93907
3054,447.3688
3055,341.0891
3056,200.27237
3057,139.87637
3058,299.06354
3059,214.2201
3060,12.192972
3061,427.4627
3062,984.36444
3063,1232.4355
3064,492.70688
3065,137.41795
3066,248.64493
3067,695.5103
3068,540.95184
3069,1121.3124
3070,116.70454
3071,1991.8595
3072,55.31009
3073,928.2999
3074,650.7386
3075,1780.5021
3076,250.42189
3077,1566.686
3078,174.55211
3079,-28.606651
3080,830.6348
3081,115.51272
3082,1415.5812
3083,265.538
3084,165.14552
3085,484.38126
3086,943.973
3087,1504.4795
3088,219.64766
3089,1534.9587
3090,440.58618
3091,1620.3708
3092,584.057
3093,1009.61755
3094,1264.7274
3095,110.33191
3096,208.5263
3097,330.40744
3098,540.4386
3099,1377.1107
3100,385.9245
3101,2534.0422
3102,712.77893
3103,1399.0748
3104,770.59814
3105,182.08475
3106,370.4083
3107,31.468815
3108,96.50128
3109,247.9196
3110,709.80615
3111,359.5069
3112,140.49097
3113,801.3069
3114,1091.9008
3115,143.02342
3116,1609.0868
3117,-6.180215
3118,1047.6179
3119,162.33687
3120,-21.372896
3121,127.7036
3122,1259.2146
3123,661.8148
3124,243.50514
3125,315.32037
3126,90.01913
3127,457.998
3128,1444.8333
3129,343.56656
3130,145.18507
3131,366.5325
3132,273.41473
3133,574.1727
3134,1666.1465
3135,310.90555
3136,679.98126
3137,112.582886
3138,1164.2725
3139,492.477
3140,340.89474
3141,580.33057
3142,480.59253
3143,241.70583
3144,1157.0486
3145,849.86145
3146,214.21368
3147,409.13474
3148,210.96715
3149,468.77203
3150,160.1156
3151,61.961983
3152,417.56342
3153,1212.1882
3154,373.70636
3155,253.50879
3156,150.35355
3157,717.85077
3158,423.25
3159,107.82593
3160,1543.668
3161,1079.2319
3162,1183.7847
3163,189.10164
3164,440.82916
3165,861.80023
3166,362.41516
3167,112.56113
3168,1253.5223
3169,1005.5514
3170,648.1946
3171,624.4531
3172,1509.8315
3173,1583.7274
3174,99.21014
3175,-38.246033
3176,1214.7549
3177,428.89648
3178,549.0307
3179,207.71712
3180,807.9388
3181,488.91193
3182,282.86084
3183,1008.72784
3184,211.33203
3185,570.79486
3186,1194.0605
3187,1863.8201
3188,1058.9695
3189,258.45474
3190,398.20764
3191,257.39575
3192,634.856
3193,920.88165
3194,62.718388
3195,1448.7285
3196,665.825
3197,200.97876
3198,676.1215
3199,412.88547
3200,1068.6094
3201,109.13763
3202,1902.6719
3203,184.45439
3204,598.51575
3205,722.13306
3206,969.5932
3207,448.49475
3208,346.9519
3209,652.3213
3210,233.00339
3211,1747.1232
3212,389.62488
3213,2547.5083
3214,336.46835
3215,1313.4209
3216,448.4772
3217,2590.02
3218,96.85669
3219,1035.7313
3220,577.98615
3221,1148.6467
3222,362.42004
3223,806.49164
3224,2364.985
3225,992.92
3226,651.49976
3227,495.64212
3228,43.84114
3229,1141.1798
3230,733.6095
3231,1077.2068
3232,-50.302746
3233,1911.6123
3234,1047.8197
3235,305.15555
3236,235.52689
3237,1593.2443
3238,842.95764
3239,232.07045
3240,142.53525
3241,317.07422
3242,78.60342
3243,227.73293
3244,771.3686
3245,253.0435
3246,215.8688
3247,677.1709
3248,428.06613
3249,387.10413
3250,424.63297
3251,647.80054
3252,109.57579
3253,390.2397
3254,905.39197
3255,156.17587
3256,851.01263
3257,558.3604
3258,96.4905
3259,212.30618
3260,225.02454
3261,288.34485
3262,1731.8114
3263,68.89634
3264,381.8253
3265,528.53015
3266,742.8723
3267,1259.031
3268,203.0117
3269,271.26584
3270,543.01306
3271,912.85046
3272,236.86151
3273,1863.5048
3274,702.0826
3275,41.233852
3276,1774.5806
3277,255.67209
3278,620.5326
3279,997.09393
3280,431.21
3281,834.68054
3282,272.6662
3283,164.22624
3284,1402.5115
3285,440.91238
3286,992.5967
3287,1463.5052
3288,298.45364
3289,577.49866
3290,5.260361
3291,279.18857
3292,2515.097
3293,1092.0227
3294,1670.6886
3295,788.63153
3296,271.8077
3297,1985.4434
3298,366.20703
3299,226.75685
3300,529.2794
3301,1416.7795
3302,2015.617
3303,119.29627
3304,1016.77716
3305,1491.3031
3306,749.0046
3307,315.09665
3308,320.51797
3309,196.87279
3310,555.98895
3311,70.537025
3312,1350.945
3313,270.5713
3314,270.54965
3315,210.2068
3316,1944.6445
3317,305.73856
3318,72.68027
3319,144.96808
3320,211.91031
3321,167.29678
3322,705.1817
3323,689.37964
3324,934.72644
3325,278.54684
3326,1367.7817
3327,1052.8668
3328,1001.6043
3329,-6.287689
3330,777.00543
3331,368.75797
3332,890.65094
3333,935.29364
3334,1237.7489
3335,68.471436
3336,84.76581
3337,1321.5234
3338,751.2532
3339,257.10397
3340,1051.2354
3341,448.06256
3342,1464.7778
3343,980.5192
3344,383.99606
3345,231.15305
3346,324.66718
3347,746.2147
3348,384.5323
3349,330.98016
3350,-116.28038
3351,1168.1525
3352,429.5766
3353,488.8777
3354,778.5882
3355,1480.0347
3356,590.6024
3357,1532.4835
3358,136.84032
3359,2092.38
3360,187.12796
3361,261.38617
3362,893.9356
3363,70.42194
3364,1020.3733
3365,66.010345
3366,2404.4998
3367,921.2554
3368,526.4173
3369,1369.0505
3370,85.81515
3371,382.99066
3372,1109.541
3373,1162.2339
3374,1962.6418
3375,1445.3102
3376,1255.7861
3377,302.14508
3378,1235.8201
3379,1564.2178
3380,129.95023
3381,1448.4846
3382,1995.5287
3383,114.10968
3384,468.4549
3385,49.254272
3386,-14.424876
3387,454.81027
3388,768.984
3389,206.15048
3390,1043.3445
3391,875.2118
3392,1338.3556
3393,842.95874
3394,411.37534
3395,771.30066
3396,1493.8899
3397,359.3957
3398,110.38107
3399,1274.1501
3400,169.83687
3401,192.29857
3402,126.751495
3403,1072.1874
3404,887.035
3405,254.49464
3406,1770.3949
3407,1249.1288
3408,225.2511
3409,-138.67094
3410,2380.3809
3411,639.83295
3412,433.95416
3413,1737.7003
3414,128.48367
3415,292.85794
3416,93.36343
3417,1193.1904
3418,205.34811
3419,1643.4478
3420,122.675476
3421,209.48601
3422,764.99603
3423,2190.1665
3424,2114.6812
3425,905.95526
3426,124.36041
3427,71.53969
3428,810.9806
3429,940.0637
3430,351.2353
3431,361.58258
3432,904.7117
3433,504.36865
3434,169.68286
3435,288.71
3436,193.85565
3437,96.066536
3438,506.01144
3439,263.4669
3440,933.82434
3441,807.83575
3442,700.0385
3443,143.07088
3444,837.58295
3445,233.68141
3446,1240.746
3447,301.7675
3448,516.48816
3449,882.3551
3450,151.58934
3451,1048.6125
3452,473.21854
3453,869.5811
3454,1627.4396
3455,352.15378
3456,281.9342
3457,154.21205
3458,217.30345
3459,89.75963
3460,1040.9036
3461,390.4891
3462,649.1385
3463,147.3779
3464,1034.5079
3465,2366.9136
3466,105.14432
3467,1048.7992
3468,1506.4064
3469,53.906017
3470,2250.6345
3471,1063.5837
3472,1990.9786
3473,1149.7728
3474,744.47644
3475,2017.8745
3476,399.1892
3477,669.9678
3478,-2.9170392
3479,1282.5159
3480,710.0893
3481,1060.0312
3482,649.70447
3483,947.8
3484,349.28665
3485,139.38063
3486,618.93774
3487,355.04745
3488,741.885
3489,985.42487
3490,1560.7228
3491,800.33636
3492,570.66254
3493,142.99025
3494,2571.0793
3495,227.1975
3496,1130.1466
3497,94.081566
3498,699.1758
3499,360.12445
3500,499.7367
3501,277.5898
3502,48.153328
3503,855.4732
3504,469.34863
3505,-8.05662
3506,288.12018
3507,886.34674
3508,1338.1843
3509,183.46358
3510,673.9671
3511,370.46426
3512,1783.7354
3513,386.6134
3514,25.165531
3515,535.02515
3516,185.44557
3517,633.4589
3518,209.18835
3519,170.95557
3520,22.963923
3521,104.673065
3522,2674.8525
3523,1115.2075
3524,267.43002
3525,516.72015
3526,1055.5074
3527,270.31656
3528,631.3302
3529,1173.6499
3530,1609.6436
3531,286.58557
3532,182.91917
3533,1434.0834
3534,990.75867
3535,1162.159
3536,936.6042
3537,122.30582
3538,1071.6826
3539,118.03576
3540,588.7292
3541,308.10355
3542,236.86989
3543,1667.8898
3544,324.75412
3545,442.26398
3546,404.90976
3547,908.3547
3548,324.80014
3549,298.52087
3550,1209.5497
3551,1236.0022
3552,124.883736
3553,335.03085
3554,293.19046
3555,1057.1484
3556,167.35738
3557,100.90346
3558,102.319374
3559,138.44095
3560,186.66432
3561,372.5033
3562,331.33905
3563,209.70949
3564,772.556
3565,791.5022
3566,781.5254
3567,1765.513
3568,466.63358
3569,710.8454
3570,393.69626
3571,538.81287
3572,965.56055
3573,906.5269
3574,419.6273
3575,1055.8077
3576,276.53717
3577,2029.4785
3578,1230.9178
3579,1219.5916
3580,628.1422
3581,2022.4352
3582,136.77011
3583,1453.797
3584,102.28362
3585,782.0909
3586,249.1745
3587,891.63904
3588,1190.1078
3589,530.69055
3590,584.5625
3591,201.38077
3592,78.41399
3593,-24.786531
3594,693.5846
3595,753.8481
3596,133.2709
3597,362.60492
3598,78.80485
3599,281.93436
3600,1035.6156
3601,1939.36
3602,821.609
3603,278.13367
3604,398.63013
3605,1387.1246
3606,1149.9849
3607,324.76764
3608,982.24347
3609,715.7994
3610,307.49197
3611,1119.9061
3612,931.1002
3613,352.47028
3614,1160.0082
3615,1704.0339
3616,1746.8856
3617,1469.5873
3618,957.28143
3619,1768.275
3620,1238.2954
3621,599.41364
3622,720.76825
3623,57.659687
3624,94.75587
3625,204.1891
3626,147.42831
3627,156.1505
3628,631.0499
3629,2342.9707
3630,724.4729
3631,300.03333
3632,544.5118
3633,330.07346
3634,1511.8671
3635,34.676006
3636,3.5215862
3637,81.454506
3638,345.4588
3639,1055.7349
3640,522.15576
3641,1244.0935
3642,982.1025
3643,91.54727
3644,532.80585
3645,61.956955
3646,1103.3562
3647,44.574936
3648,1987.9277
3649,-38.794933
3650,665.2115
3651,243.48006
3652,1114.8452
3653,151.06653
3654,520.3248
3655,483.35147
3656,1415.9196
3657,1350.056
3658,282.34415
3659,77.43141
3660,270.66107
3661,537.5815
3662,938.41266
3663,851.9865
3664,1165.4254
3665,123.55187
3666,332.90366
3667,-7.2030935
3668,1523.2744
3669,945.0113
3670,403.09857
3671,240.54314
3672,1064.9832
3673,836.4139
3674,1065.8977
3675,-77.09631
3676,157.97499
3677,579.6723
3678,494.90924
3679,353.94397
3680,1419.4128
3681,1154.1688
3682,2473.4326
3683,3.3767128
3684,91.705635
3685,700.64197
3686,1027.8527
3687,10.83908
3688,608.2724
3689,862.7615
3690,553.36224
3691,399.14374
3692,352.17337
3693,267.1593
3694,608.62134
3695,864.02216
3696,111.25445
3697,708.20294
3698,280.41998
3699,1565.5289
3700,177.36533
3701,872.2957
3702,254.66856
3703,257.05893
3704,936.1877
3705,-13.411964
3706,1147.1144
3707,420.7758
3708,184.08151
3709,1235.5225
3710,360.23782
3711,80.37226
3712,443.28983
3713,219.21434
3714,1112.8413
3715,1125.9474
3716,367.8899
3717,-31.541315
3718,448.6479
3719,185.61153
3720,1020.30444
3721,854.82416
3722,194.03314
3723,1022.11206
3724,595.2256
3725,-16.204502
3726,1982.4324
3727,309.59164
3728,648.8694
3729,218.82188
3730,537.4932
3731,104.79795
3732,829.00464
3733,489.2529
3734,1820.878
3735,1589.5966
3736,506.9306
3737,950.216
3738,1388.5219
3739,660.1964
3740,333.02985
3741,664.49915
3742,447.57394
3743,723.5364
3744,419.31686
3745,624.4499
3746,601.82416
3747,869.56635
3748,1266.429
3749,310.996
3750,100.078606
3751,108.32207
3752,198.21838
3753,190.35927
3754,-32.2806
3755,2401.1267
3756,1741.6683
3757,1241.7028
3758,146.63625
3759,288.0962
